﻿{
  "WatchFace_Info": {
    "DeviceName": "Bip 6",
    "WatchFaceId": 7525791
  },
  "ScreenNormal": {
    "Background": {
      "visible": true,
      "BackgroundColor": {
        "show_level": "",
        "x": 0,
        "y": 0,
        "w": 390,
        "h": 450,
        "color": "0xFF000000"
      }
    },
    "Elements": [
      {
        "elementName": "ElementStatuses",
        "visible": true,
        "Alarm": {
          "position": 4,
          "visible": true,
          "show_level": "",
          "x": 0,
          "y": 0,
          "alpha": 255
        },
        "Bluetooth": {
          "position": 3,
          "visible": true,
          "show_level": "",
          "x": 0,
          "y": 0,
          "src": "0053_(2)",
          "alpha": 255
        },
        "DND": {
          "position": 2,
          "visible": true,
          "show_level": "",
          "x": 0,
          "y": 0,
          "alpha": 255
        },
        "Lock": {
          "position": 1,
          "visible": true,
          "show_level": "",
          "x": 0,
          "y": 0,
          "alpha": 255
        }
      },
      {
        "elementName": "DateWeek",
        "visible": true,
        "Pointer": {
          "position": 3,
          "visible": false,
          "show_level": "",
          "center_x": 0,
          "center_y": 0,
          "pos_x": 0,
          "pos_y": 0,
          "start_angle": 0,
          "end_angle": 360,
          "cover_x": 0,
          "cover_y": 0,
          "scale_x": 0,
          "scale_y": 0
        },
        "Images": {
          "position": 2,
          "visible": false,
          "shortcut": false,
          "show_level": "",
          "X": 0,
          "Y": 0,
          "image_length": 0,
          "alpha": 255
        },
        "DayOfWeek_Font": {
          "position": 1,
          "visible": true,
          "show_level": "",
          "x": 284,
          "y": 169,
          "w": 150,
          "h": 150,
          "color": "0xFFFFFFFF",
          "color_2": "0xFFFF0000",
          "use_color_2": true,
          "align_h": "LEFT",
          "align_v": "TOP",
          "text_size": 50,
          "alpha": 255,
          "text_style": "ELLIPSIS",
          "line_space": 0,
          "char_space": 0,
          "font": "",
          "padding": false,
          "unit_type": 0,
          "unit_string": "ПН, ВТ, СР, ЧТ, ПТ, СБ, ВС",
          "unit_end": false,
          "centreHorizontally": false,
          "centreVertically": false
        }
      },
      {
        "elementName": "DateDay",
        "visible": true,
        "Pointer": {
          "position": 1,
          "visible": false,
          "show_level": "",
          "center_x": 0,
          "center_y": 0,
          "pos_x": 0,
          "pos_y": 0,
          "start_angle": 0,
          "end_angle": 360,
          "cover_x": 0,
          "cover_y": 0,
          "scale_x": 0,
          "scale_y": 0
        },
        "Number": {
          "position": 7,
          "visible": false,
          "align": "LEFT",
          "show_level": "",
          "imageX": 0,
          "imageY": 0,
          "space": 0,
          "zero": false,
          "iconPosX": 0,
          "iconPosY": 0,
          "angle": 0,
          "follow": false,
          "unit_in_alignment": false,
          "alpha": 255,
          "icon_alpha": 255
        },
        "Number_Font": {
          "position": 6,
          "visible": false,
          "show_level": "",
          "x": 0,
          "y": 0,
          "w": 150,
          "h": 30,
          "color": "0xFFFF8C00",
          "color_2": "0xFFFF0000",
          "use_color_2": false,
          "align_h": "LEFT",
          "align_v": "TOP",
          "text_size": 20,
          "alpha": 255,
          "text_style": "ELLIPSIS",
          "line_space": 0,
          "char_space": 0,
          "font": "",
          "padding": false,
          "unit_type": 0,
          "unit_string": "",
          "unit_end": false,
          "centreHorizontally": false,
          "centreVertically": false
        },
        "Day_Month_Font": {
          "position": 5,
          "visible": false,
          "show_level": "",
          "x": 0,
          "y": 0,
          "w": 150,
          "h": 30,
          "color": "0xFFFF8C00",
          "color_2": "0xFFFF0000",
          "use_color_2": false,
          "align_h": "LEFT",
          "align_v": "TOP",
          "text_size": 20,
          "alpha": 255,
          "text_style": "ELLIPSIS",
          "line_space": 0,
          "char_space": 0,
          "font": "",
          "padding": false,
          "unit_type": 0,
          "unit_string": "",
          "unit_end": false,
          "centreHorizontally": false,
          "centreVertically": false
        },
        "Day_Month_Year_Font": {
          "position": 4,
          "visible": true,
          "show_level": "",
          "x": 40,
          "y": 170,
          "w": 283,
          "h": 150,
          "color": "0xFFFFFFFF",
          "color_2": "0xFFFF0000",
          "use_color_2": false,
          "align_h": "LEFT",
          "align_v": "TOP",
          "text_size": 50,
          "alpha": 255,
          "text_style": "ELLIPSIS",
          "line_space": 0,
          "char_space": 0,
          "font": "",
          "padding": false,
          "unit_type": 0,
          "unit_string": "",
          "unit_end": false,
          "centreHorizontally": false,
          "centreVertically": false
        },
        "Text_rotation": {
          "position": 3,
          "visible": false,
          "align": "LEFT",
          "show_level": "",
          "imageX": 0,
          "imageY": 0,
          "space": 0,
          "zero": false,
          "iconPosX": 0,
          "iconPosY": 0,
          "angle": 0,
          "follow": false,
          "unit_in_alignment": false,
          "alpha": 255,
          "icon_alpha": 255
        },
        "Text_circle": {
          "position": 2,
          "visible": false,
          "show_level": "",
          "circle_center_X": 0,
          "circle_center_Y": 0,
          "radius": 100,
          "angle": 0,
          "char_space_angle": 0,
          "zero": false,
          "vertical_alignment": "BOTTOM",
          "horizontal_alignment": "LEFT",
          "reverse_direction": false,
          "unit_in_alignment": true
        }
      },
      {
        "elementName": "ElementBattery",
        "visible": true,
        "Images": {
          "position": 10,
          "visible": false,
          "shortcut": false,
          "show_level": "",
          "X": 0,
          "Y": 0,
          "image_length": 0,
          "alpha": 255
        },
        "Segments": {
          "position": 9,
          "visible": false,
          "show_level": "",
          "image_length": 0
        },
        "Number": {
          "position": 8,
          "visible": false,
          "align": "LEFT",
          "show_level": "",
          "imageX": 0,
          "imageY": 0,
          "space": 0,
          "zero": false,
          "iconPosX": 0,
          "iconPosY": 0,
          "angle": 0,
          "follow": false,
          "unit_in_alignment": false,
          "alpha": 255,
          "icon_alpha": 255
        },
        "Number_Font": {
          "position": 7,
          "visible": true,
          "show_level": "",
          "x": 305,
          "y": 31,
          "w": 150,
          "h": 30,
          "color": "0xFF80FF00",
          "color_2": "0xFFFF0000",
          "use_color_2": false,
          "align_h": "LEFT",
          "align_v": "TOP",
          "text_size": 20,
          "alpha": 255,
          "text_style": "ELLIPSIS",
          "line_space": 0,
          "char_space": 0,
          "font": "",
          "padding": false,
          "unit_type": 0,
          "unit_string": "",
          "unit_end": false,
          "centreHorizontally": false,
          "centreVertically": false
        },
        "Text_rotation": {
          "position": 6,
          "visible": false,
          "align": "LEFT",
          "show_level": "",
          "imageX": 0,
          "imageY": 0,
          "space": 0,
          "zero": false,
          "iconPosX": 0,
          "iconPosY": 0,
          "angle": 0,
          "follow": false,
          "unit_in_alignment": false,
          "alpha": 255,
          "icon_alpha": 255
        },
        "Text_circle": {
          "position": 5,
          "visible": false,
          "show_level": "",
          "circle_center_X": 0,
          "circle_center_Y": 0,
          "radius": 100,
          "angle": 0,
          "char_space_angle": 0,
          "zero": false,
          "vertical_alignment": "BOTTOM",
          "horizontal_alignment": "LEFT",
          "reverse_direction": false,
          "unit_in_alignment": true
        },
        "Pointer": {
          "position": 4,
          "visible": false,
          "show_level": "",
          "center_x": 0,
          "center_y": 0,
          "pos_x": 0,
          "pos_y": 0,
          "start_angle": 0,
          "end_angle": 360,
          "cover_x": 0,
          "cover_y": 0,
          "scale_x": 0,
          "scale_y": 0
        },
        "Circle_Scale": {
          "position": 3,
          "visible": true,
          "end_angle": 74,
          "show_level": "",
          "center_x": 290,
          "center_y": 100,
          "start_angle": 16,
          "color": "0xFF80FF00",
          "radius": 100,
          "line_width": 8,
          "line_cap": "Rounded",
          "mirror": false,
          "inversion": false,
          "alpha": 255
        },
        "Linear_Scale": {
          "position": 2,
          "visible": false,
          "show_level": "",
          "start_x": 0,
          "start_y": 0,
          "color": "0xFFFF8C00",
          "lenght": 100,
          "line_width": 5,
          "line_cap": "Flat",
          "mirror": false,
          "inversion": false,
          "vertical": false,
          "alpha": 255
        },
        "Icon": {
          "position": 1,
          "visible": true,
          "show_level": "",
          "x": 291,
          "y": 4,
          "src": "03-07-2025_17-37-11",
          "alpha": 255
        }
      },
      {
        "elementName": "ElementHeart",
        "visible": true,
        "Images": {
          "position": 10,
          "visible": false,
          "shortcut": false,
          "show_level": "",
          "X": 0,
          "Y": 0,
          "image_length": 0,
          "alpha": 255
        },
        "Segments": {
          "position": 9,
          "visible": false,
          "show_level": "",
          "image_length": 0
        },
        "Number": {
          "position": 8,
          "visible": false,
          "align": "LEFT",
          "show_level": "",
          "imageX": 0,
          "imageY": 0,
          "space": 0,
          "zero": false,
          "iconPosX": 0,
          "iconPosY": 0,
          "angle": 0,
          "follow": false,
          "unit_in_alignment": false,
          "alpha": 255,
          "icon_alpha": 255
        },
        "Number_Font": {
          "position": 7,
          "visible": true,
          "show_level": "",
          "x": 53,
          "y": 383,
          "w": 150,
          "h": 30,
          "color": "0xFFFF0000",
          "color_2": "0xFFFF0000",
          "use_color_2": false,
          "align_h": "LEFT",
          "align_v": "TOP",
          "text_size": 20,
          "alpha": 255,
          "text_style": "ELLIPSIS",
          "line_space": 0,
          "char_space": 0,
          "font": "",
          "padding": false,
          "unit_type": 0,
          "unit_string": "",
          "unit_end": false,
          "centreHorizontally": false,
          "centreVertically": false
        },
        "Text_rotation": {
          "position": 6,
          "visible": false,
          "align": "LEFT",
          "show_level": "",
          "imageX": 0,
          "imageY": 0,
          "space": 0,
          "zero": false,
          "iconPosX": 0,
          "iconPosY": 0,
          "angle": 0,
          "follow": false,
          "unit_in_alignment": false,
          "alpha": 255,
          "icon_alpha": 255
        },
        "Text_circle": {
          "position": 5,
          "visible": false,
          "show_level": "",
          "circle_center_X": 0,
          "circle_center_Y": 0,
          "radius": 100,
          "angle": 0,
          "char_space_angle": 0,
          "zero": false,
          "vertical_alignment": "BOTTOM",
          "horizontal_alignment": "LEFT",
          "reverse_direction": false,
          "unit_in_alignment": true
        },
        "Pointer": {
          "position": 4,
          "visible": false,
          "show_level": "",
          "center_x": 0,
          "center_y": 0,
          "pos_x": 0,
          "pos_y": 0,
          "start_angle": 0,
          "end_angle": 360,
          "cover_x": 0,
          "cover_y": 0,
          "scale_x": 0,
          "scale_y": 0
        },
        "Circle_Scale": {
          "position": 3,
          "visible": true,
          "end_angle": -91,
          "show_level": "",
          "center_x": 97,
          "center_y": 345,
          "start_angle": -164,
          "color": "0xFFFF0000",
          "radius": 100,
          "line_width": 8,
          "line_cap": "Rounded",
          "mirror": false,
          "inversion": false,
          "alpha": 255
        },
        "Linear_Scale": {
          "position": 2,
          "visible": false,
          "show_level": "",
          "start_x": 0,
          "start_y": 0,
          "color": "0xFFFF8C00",
          "lenght": 100,
          "line_width": 5,
          "line_cap": "Flat",
          "mirror": false,
          "inversion": false,
          "vertical": false,
          "alpha": 255
        },
        "Icon": {
          "position": 1,
          "visible": true,
          "show_level": "",
          "x": 71,
          "y": 427,
          "src": "03-07-2025_17-35-44",
          "alpha": 255
        }
      },
      {
        "elementName": "ElementCalories",
        "visible": true,
        "Images": {
          "position": 14,
          "visible": false,
          "shortcut": false,
          "show_level": "",
          "X": 0,
          "Y": 0,
          "image_length": 0,
          "alpha": 255
        },
        "Segments": {
          "position": 13,
          "visible": false,
          "show_level": "",
          "image_length": 0
        },
        "Number": {
          "position": 12,
          "visible": false,
          "align": "LEFT",
          "show_level": "",
          "imageX": 0,
          "imageY": 0,
          "space": 0,
          "zero": false,
          "iconPosX": 0,
          "iconPosY": 0,
          "angle": 0,
          "follow": false,
          "unit_in_alignment": false,
          "alpha": 255,
          "icon_alpha": 255
        },
        "Number_Font": {
          "position": 11,
          "visible": true,
          "show_level": "",
          "x": 52,
          "y": 32,
          "w": 150,
          "h": 30,
          "color": "0xFFFF8C00",
          "color_2": "0xFFFF0000",
          "use_color_2": false,
          "align_h": "LEFT",
          "align_v": "TOP",
          "text_size": 20,
          "alpha": 255,
          "text_style": "ELLIPSIS",
          "line_space": 0,
          "char_space": 0,
          "font": "",
          "padding": false,
          "unit_type": 0,
          "unit_string": "",
          "unit_end": false,
          "centreHorizontally": false,
          "centreVertically": false
        },
        "Text_rotation": {
          "position": 10,
          "visible": false,
          "align": "LEFT",
          "show_level": "",
          "imageX": 0,
          "imageY": 0,
          "space": 0,
          "zero": false,
          "iconPosX": 0,
          "iconPosY": 0,
          "angle": 0,
          "follow": false,
          "unit_in_alignment": false,
          "alpha": 255,
          "icon_alpha": 255
        },
        "Text_circle": {
          "position": 9,
          "visible": false,
          "show_level": "",
          "circle_center_X": 0,
          "circle_center_Y": 0,
          "radius": 100,
          "angle": 0,
          "char_space_angle": 0,
          "zero": false,
          "vertical_alignment": "BOTTOM",
          "horizontal_alignment": "LEFT",
          "reverse_direction": false,
          "unit_in_alignment": true
        },
        "Number_Target": {
          "position": 8,
          "visible": false,
          "align": "LEFT",
          "show_level": "",
          "imageX": 0,
          "imageY": 0,
          "space": 0,
          "zero": false,
          "iconPosX": 0,
          "iconPosY": 0,
          "angle": 0,
          "follow": false,
          "unit_in_alignment": false,
          "alpha": 255,
          "icon_alpha": 255
        },
        "Number_Target_Font": {
          "position": 7,
          "visible": false,
          "show_level": "",
          "x": 0,
          "y": 0,
          "w": 150,
          "h": 30,
          "color": "0xFFFF8C00",
          "color_2": "0xFFFF0000",
          "use_color_2": false,
          "align_h": "LEFT",
          "align_v": "TOP",
          "text_size": 20,
          "alpha": 255,
          "text_style": "ELLIPSIS",
          "line_space": 0,
          "char_space": 0,
          "font": "",
          "padding": false,
          "unit_type": 0,
          "unit_string": "",
          "unit_end": false,
          "centreHorizontally": false,
          "centreVertically": false
        },
        "Text_rotation_Target": {
          "position": 6,
          "visible": false,
          "align": "LEFT",
          "show_level": "",
          "imageX": 0,
          "imageY": 0,
          "space": 0,
          "zero": false,
          "iconPosX": 0,
          "iconPosY": 0,
          "angle": 0,
          "follow": false,
          "unit_in_alignment": false,
          "alpha": 255,
          "icon_alpha": 255
        },
        "Text_circle_Target": {
          "position": 5,
          "visible": false,
          "show_level": "",
          "circle_center_X": 0,
          "circle_center_Y": 0,
          "radius": 100,
          "angle": 0,
          "char_space_angle": 0,
          "zero": false,
          "vertical_alignment": "BOTTOM",
          "horizontal_alignment": "LEFT",
          "reverse_direction": false,
          "unit_in_alignment": true
        },
        "Pointer": {
          "position": 4,
          "visible": false,
          "show_level": "",
          "center_x": 0,
          "center_y": 0,
          "pos_x": 0,
          "pos_y": 0,
          "start_angle": 0,
          "end_angle": 360,
          "cover_x": 0,
          "cover_y": 0,
          "scale_x": 0,
          "scale_y": 0
        },
        "Circle_Scale": {
          "position": 3,
          "visible": true,
          "end_angle": -14,
          "show_level": "",
          "center_x": 99,
          "center_y": 103,
          "start_angle": -67,
          "color": "0xFFFF8C00",
          "radius": 100,
          "line_width": 8,
          "line_cap": "Rounded",
          "mirror": false,
          "inversion": false,
          "alpha": 255
        },
        "Linear_Scale": {
          "position": 2,
          "visible": false,
          "show_level": "",
          "start_x": 0,
          "start_y": 0,
          "color": "0xFFFF8C00",
          "lenght": 100,
          "line_width": 5,
          "line_cap": "Flat",
          "mirror": false,
          "inversion": false,
          "vertical": false,
          "alpha": 255
        },
        "Icon": {
          "position": 1,
          "visible": true,
          "show_level": "",
          "x": 75,
          "y": 2,
          "src": "03-07-2025_17-37-24",
          "alpha": 255
        }
      },
      {
        "elementName": "ElementAnimation",
        "visible": true,
        "Frame_Animation_List": {
          "position": 3,
          "selected_animation": 0,
          "visible": true,
          "Frame_Animation": [
            {
              "visible": true,
              "show_level": "",
              "x": 75,
              "y": 245,
              "anim_src": "anim_1",
              "anim_prefix": "anim",
              "anim_fps": 10,
              "anim_repeat": true,
              "preview_frame": 2,
              "anim_size": 4
            }
          ]
        },
        "Motion_Animation_List": {
          "position": 2,
          "selected_animation": -1,
          "visible": false
        },
        "Rotate_Animation_List": {
          "position": 1,
          "selected_animation": -1,
          "visible": false
        }
      },
      {
        "elementName": "ElementSteps",
        "visible": true,
        "Images": {
          "position": 14,
          "visible": false,
          "shortcut": false,
          "show_level": "",
          "X": 0,
          "Y": 0,
          "image_length": 0,
          "alpha": 255
        },
        "Segments": {
          "position": 13,
          "visible": false,
          "show_level": "",
          "image_length": 0
        },
        "Number": {
          "position": 12,
          "visible": false,
          "align": "LEFT",
          "show_level": "",
          "imageX": 0,
          "imageY": 0,
          "space": 0,
          "zero": false,
          "iconPosX": 0,
          "iconPosY": 0,
          "angle": 0,
          "follow": false,
          "unit_in_alignment": false,
          "alpha": 255,
          "icon_alpha": 255
        },
        "Number_Font": {
          "position": 11,
          "visible": true,
          "show_level": "",
          "x": 299,
          "y": 381,
          "w": 150,
          "h": 30,
          "color": "0xFF00A8F9",
          "color_2": "0xFFFF0000",
          "use_color_2": false,
          "align_h": "LEFT",
          "align_v": "TOP",
          "text_size": 20,
          "alpha": 255,
          "text_style": "ELLIPSIS",
          "line_space": 0,
          "char_space": 0,
          "font": "",
          "padding": false,
          "unit_type": 0,
          "unit_string": "",
          "unit_end": false,
          "centreHorizontally": false,
          "centreVertically": false
        },
        "Text_rotation": {
          "position": 10,
          "visible": false,
          "align": "LEFT",
          "show_level": "",
          "imageX": 0,
          "imageY": 0,
          "space": 0,
          "zero": false,
          "iconPosX": 0,
          "iconPosY": 0,
          "angle": 0,
          "follow": false,
          "unit_in_alignment": false,
          "alpha": 255,
          "icon_alpha": 255
        },
        "Text_circle": {
          "position": 9,
          "visible": false,
          "show_level": "",
          "circle_center_X": 0,
          "circle_center_Y": 0,
          "radius": 100,
          "angle": 0,
          "char_space_angle": 0,
          "zero": false,
          "vertical_alignment": "BOTTOM",
          "horizontal_alignment": "LEFT",
          "reverse_direction": false,
          "unit_in_alignment": true
        },
        "Number_Target": {
          "position": 8,
          "visible": false,
          "align": "LEFT",
          "show_level": "",
          "imageX": 0,
          "imageY": 0,
          "space": 0,
          "zero": false,
          "iconPosX": 0,
          "iconPosY": 0,
          "angle": 0,
          "follow": false,
          "unit_in_alignment": false,
          "alpha": 255,
          "icon_alpha": 255
        },
        "Number_Target_Font": {
          "position": 7,
          "visible": false,
          "show_level": "",
          "x": 0,
          "y": 0,
          "w": 150,
          "h": 30,
          "color": "0xFFFF8C00",
          "color_2": "0xFFFF0000",
          "use_color_2": false,
          "align_h": "LEFT",
          "align_v": "TOP",
          "text_size": 20,
          "alpha": 255,
          "text_style": "ELLIPSIS",
          "line_space": 0,
          "char_space": 0,
          "font": "",
          "padding": false,
          "unit_type": 0,
          "unit_string": "",
          "unit_end": false,
          "centreHorizontally": false,
          "centreVertically": false
        },
        "Text_rotation_Target": {
          "position": 6,
          "visible": false,
          "align": "LEFT",
          "show_level": "",
          "imageX": 0,
          "imageY": 0,
          "space": 0,
          "zero": false,
          "iconPosX": 0,
          "iconPosY": 0,
          "angle": 0,
          "follow": false,
          "unit_in_alignment": false,
          "alpha": 255,
          "icon_alpha": 255
        },
        "Text_circle_Target": {
          "position": 5,
          "visible": false,
          "show_level": "",
          "circle_center_X": 0,
          "circle_center_Y": 0,
          "radius": 100,
          "angle": 0,
          "char_space_angle": 0,
          "zero": false,
          "vertical_alignment": "BOTTOM",
          "horizontal_alignment": "LEFT",
          "reverse_direction": false,
          "unit_in_alignment": true
        },
        "Pointer": {
          "position": 4,
          "visible": false,
          "show_level": "",
          "center_x": 0,
          "center_y": 0,
          "pos_x": 0,
          "pos_y": 0,
          "start_angle": 0,
          "end_angle": 360,
          "cover_x": 0,
          "cover_y": 0,
          "scale_x": 0,
          "scale_y": 0
        },
        "Circle_Scale": {
          "position": 3,
          "visible": true,
          "end_angle": 162,
          "show_level": "",
          "center_x": 292,
          "center_y": 345,
          "start_angle": 112,
          "color": "0xFF009EEA",
          "radius": 100,
          "line_width": 8,
          "line_cap": "Rounded",
          "mirror": false,
          "inversion": false,
          "alpha": 255
        },
        "Linear_Scale": {
          "position": 2,
          "visible": false,
          "show_level": "",
          "start_x": 0,
          "start_y": 0,
          "color": "0xFFFF8C00",
          "lenght": 100,
          "line_width": 5,
          "line_cap": "Flat",
          "mirror": false,
          "inversion": false,
          "vertical": false,
          "alpha": 255
        },
        "Icon": {
          "position": 1,
          "visible": true,
          "show_level": "",
          "x": 295,
          "y": 422,
          "src": "03-07-2025_17-36-22",
          "alpha": 255
        }
      },
      {
        "elementName": "DigitalTime_v2",
        "visible": true,
        "Group_Second": {
          "position": 6,
          "Number": {
            "position": -1,
            "visible": false,
            "align": "LEFT",
            "show_level": "",
            "imageX": 0,
            "imageY": 0,
            "space": 0,
            "zero": false,
            "iconPosX": 0,
            "iconPosY": 0,
            "angle": 0,
            "follow": false,
            "unit_in_alignment": false,
            "alpha": 255,
            "icon_alpha": 255
          },
          "Number_Font": {
            "position": -1,
            "visible": true,
            "show_level": "",
            "x": 311,
            "y": 106,
            "w": 150,
            "h": 150,
            "color": "0xFFFFFFFF",
            "color_2": "0xFFFF0000",
            "use_color_2": false,
            "align_h": "LEFT",
            "align_v": "TOP",
            "text_size": 60,
            "alpha": 255,
            "text_style": "ELLIPSIS",
            "line_space": 0,
            "char_space": 0,
            "font": "",
            "padding": true,
            "unit_type": 0,
            "unit_string": "",
            "unit_end": false,
            "centreHorizontally": false,
            "centreVertically": false
          },
          "Text_rotation": {
            "position": -1,
            "visible": false,
            "align": "LEFT",
            "show_level": "",
            "imageX": 0,
            "imageY": 0,
            "space": 0,
            "zero": false,
            "iconPosX": 0,
            "iconPosY": 0,
            "angle": 0,
            "follow": false,
            "unit_in_alignment": false,
            "alpha": 255,
            "icon_alpha": 255
          },
          "Text_circle": {
            "position": -1,
            "visible": false,
            "show_level": "",
            "circle_center_X": 0,
            "circle_center_Y": 0,
            "radius": 100,
            "angle": 0,
            "char_space_angle": 0,
            "zero": false,
            "vertical_alignment": "BOTTOM",
            "horizontal_alignment": "LEFT",
            "reverse_direction": false,
            "unit_in_alignment": true
          }
        },
        "Group_Minute": {
          "position": 5,
          "Number": {
            "position": -1,
            "visible": false,
            "align": "LEFT",
            "show_level": "",
            "imageX": 0,
            "imageY": 0,
            "space": 0,
            "zero": false,
            "iconPosX": 0,
            "iconPosY": 0,
            "angle": 0,
            "follow": false,
            "unit_in_alignment": false,
            "alpha": 255,
            "icon_alpha": 255
          },
          "Number_Font": {
            "position": -1,
            "visible": true,
            "show_level": "",
            "x": 164,
            "y": 35,
            "w": 150,
            "h": 150,
            "color": "0xFFFFFFFF",
            "color_2": "0xFFFF0000",
            "use_color_2": false,
            "align_h": "LEFT",
            "align_v": "TOP",
            "text_size": 120,
            "alpha": 255,
            "text_style": "ELLIPSIS",
            "line_space": 0,
            "char_space": 0,
            "font": "",
            "padding": true,
            "unit_type": 0,
            "unit_string": "",
            "unit_end": false,
            "centreHorizontally": false,
            "centreVertically": false
          },
          "Text_rotation": {
            "position": -1,
            "visible": false,
            "align": "LEFT",
            "show_level": "",
            "imageX": 0,
            "imageY": 0,
            "space": 0,
            "zero": false,
            "iconPosX": 0,
            "iconPosY": 0,
            "angle": 0,
            "follow": false,
            "unit_in_alignment": false,
            "alpha": 255,
            "icon_alpha": 255
          },
          "Text_circle": {
            "position": -1,
            "visible": false,
            "show_level": "",
            "circle_center_X": 0,
            "circle_center_Y": 0,
            "radius": 100,
            "angle": 0,
            "char_space_angle": 0,
            "zero": false,
            "vertical_alignment": "BOTTOM",
            "horizontal_alignment": "LEFT",
            "reverse_direction": false,
            "unit_in_alignment": true
          }
        },
        "Group_Hour": {
          "position": 4,
          "Number": {
            "position": -1,
            "visible": false,
            "align": "LEFT",
            "show_level": "",
            "imageX": 0,
            "imageY": 0,
            "space": 0,
            "zero": false,
            "iconPosX": 0,
            "iconPosY": 0,
            "angle": 0,
            "follow": false,
            "unit_in_alignment": false,
            "alpha": 255,
            "icon_alpha": 255
          },
          "Number_Font": {
            "position": -1,
            "visible": true,
            "show_level": "",
            "x": 19,
            "y": 35,
            "w": 150,
            "h": 150,
            "color": "0xFFFFFFFF",
            "color_2": "0xFFFF0000",
            "use_color_2": false,
            "align_h": "LEFT",
            "align_v": "TOP",
            "text_size": 120,
            "alpha": 255,
            "text_style": "ELLIPSIS",
            "line_space": 0,
            "char_space": 0,
            "font": "",
            "padding": true,
            "unit_type": 0,
            "unit_string": "",
            "unit_end": false,
            "centreHorizontally": false,
            "centreVertically": false
          },
          "Text_rotation": {
            "position": -1,
            "visible": false,
            "align": "LEFT",
            "show_level": "",
            "imageX": 0,
            "imageY": 0,
            "space": 0,
            "zero": false,
            "iconPosX": 0,
            "iconPosY": 0,
            "angle": 0,
            "follow": false,
            "unit_in_alignment": false,
            "alpha": 255,
            "icon_alpha": 255
          },
          "Text_circle": {
            "position": -1,
            "visible": false,
            "show_level": "",
            "circle_center_X": 0,
            "circle_center_Y": 0,
            "radius": 100,
            "angle": 0,
            "char_space_angle": 0,
            "zero": false,
            "vertical_alignment": "BOTTOM",
            "horizontal_alignment": "LEFT",
            "reverse_direction": false,
            "unit_in_alignment": true
          }
        },
        "AmPm": {
          "position": 3,
          "visible": false,
          "show_level": "",
          "am_x": 0,
          "am_y": 0,
          "pm_x": 0,
          "pm_y": 0
        },
        "Hour_Min_Font": {
          "position": 2,
          "visible": false,
          "show_level": "",
          "x": 0,
          "y": 0,
          "w": 150,
          "h": 30,
          "color": "0xFFFF8C00",
          "color_2": "0xFFFF0000",
          "use_color_2": false,
          "align_h": "LEFT",
          "align_v": "TOP",
          "text_size": 20,
          "alpha": 255,
          "text_style": "ELLIPSIS",
          "line_space": 0,
          "char_space": 0,
          "font": "",
          "padding": false,
          "unit_type": 0,
          "unit_string": "",
          "unit_end": false,
          "centreHorizontally": false,
          "centreVertically": false
        },
        "Hour_Min_Sec_Font": {
          "position": 1,
          "visible": false,
          "show_level": "",
          "x": 105,
          "y": 0,
          "w": 150,
          "h": 30,
          "color": "0xFFFF8C00",
          "color_2": "0xFFFF0000",
          "use_color_2": false,
          "align_h": "LEFT",
          "align_v": "TOP",
          "text_size": 20,
          "alpha": 255,
          "text_style": "ELLIPSIS",
          "line_space": 0,
          "char_space": 0,
          "font": "",
          "padding": false,
          "unit_type": 0,
          "unit_string": "",
          "unit_end": false,
          "centreHorizontally": false,
          "centreVertically": false
        }
      }
    ]
  },
  "ScreenAOD": {
    "Elements": [
      {
        "elementName": "DateWeek",
        "visible": true,
        "Pointer": {
          "position": 3,
          "visible": false,
          "show_level": "",
          "center_x": 0,
          "center_y": 0,
          "pos_x": 0,
          "pos_y": 0,
          "start_angle": 0,
          "end_angle": 360,
          "cover_x": 0,
          "cover_y": 0,
          "scale_x": 0,
          "scale_y": 0
        },
        "Images": {
          "position": 2,
          "visible": false,
          "shortcut": false,
          "show_level": "",
          "X": 0,
          "Y": 0,
          "image_length": 0,
          "alpha": 255
        },
        "DayOfWeek_Font": {
          "position": 1,
          "visible": true,
          "show_level": "",
          "x": 284,
          "y": 170,
          "w": 150,
          "h": 150,
          "color": "0xFFFFFFFF",
          "color_2": "0xFFFF0000",
          "use_color_2": true,
          "align_h": "LEFT",
          "align_v": "TOP",
          "text_size": 50,
          "alpha": 255,
          "text_style": "ELLIPSIS",
          "line_space": 0,
          "char_space": 0,
          "font": "",
          "padding": false,
          "unit_type": 0,
          "unit_string": "ПН, ВТ, СР, ЧТ, ПТ, СБ, ВС",
          "unit_end": false,
          "centreHorizontally": false,
          "centreVertically": false
        }
      },
      {
        "elementName": "DateDay",
        "visible": true,
        "Pointer": {
          "position": 1,
          "visible": false,
          "show_level": "",
          "center_x": 0,
          "center_y": 0,
          "pos_x": 0,
          "pos_y": 0,
          "start_angle": 0,
          "end_angle": 360,
          "cover_x": 0,
          "cover_y": 0,
          "scale_x": 0,
          "scale_y": 0
        },
        "Number": {
          "position": 7,
          "visible": false,
          "align": "LEFT",
          "show_level": "",
          "imageX": 0,
          "imageY": 0,
          "space": 0,
          "zero": false,
          "iconPosX": 0,
          "iconPosY": 0,
          "angle": 0,
          "follow": false,
          "unit_in_alignment": false,
          "alpha": 255,
          "icon_alpha": 255
        },
        "Number_Font": {
          "position": 6,
          "visible": false,
          "show_level": "",
          "x": 0,
          "y": 0,
          "w": 150,
          "h": 30,
          "color": "0xFFFF8C00",
          "color_2": "0xFFFF0000",
          "use_color_2": false,
          "align_h": "LEFT",
          "align_v": "TOP",
          "text_size": 20,
          "alpha": 255,
          "text_style": "ELLIPSIS",
          "line_space": 0,
          "char_space": 0,
          "font": "",
          "padding": false,
          "unit_type": 0,
          "unit_string": "",
          "unit_end": false,
          "centreHorizontally": false,
          "centreVertically": false
        },
        "Day_Month_Font": {
          "position": 5,
          "visible": false,
          "show_level": "",
          "x": 0,
          "y": 0,
          "w": 150,
          "h": 30,
          "color": "0xFFFF8C00",
          "color_2": "0xFFFF0000",
          "use_color_2": false,
          "align_h": "LEFT",
          "align_v": "TOP",
          "text_size": 20,
          "alpha": 255,
          "text_style": "ELLIPSIS",
          "line_space": 0,
          "char_space": 0,
          "font": "",
          "padding": false,
          "unit_type": 0,
          "unit_string": "",
          "unit_end": false,
          "centreHorizontally": false,
          "centreVertically": false
        },
        "Day_Month_Year_Font": {
          "position": 4,
          "visible": true,
          "show_level": "",
          "x": 40,
          "y": 170,
          "w": 283,
          "h": 150,
          "color": "0xFFFFFFFF",
          "color_2": "0xFFFF0000",
          "use_color_2": false,
          "align_h": "LEFT",
          "align_v": "TOP",
          "text_size": 50,
          "alpha": 255,
          "text_style": "ELLIPSIS",
          "line_space": 0,
          "char_space": 0,
          "font": "",
          "padding": false,
          "unit_type": 0,
          "unit_string": "",
          "unit_end": false,
          "centreHorizontally": false,
          "centreVertically": false
        },
        "Text_rotation": {
          "position": 3,
          "visible": false,
          "align": "LEFT",
          "show_level": "",
          "imageX": 0,
          "imageY": 0,
          "space": 0,
          "zero": false,
          "iconPosX": 0,
          "iconPosY": 0,
          "angle": 0,
          "follow": false,
          "unit_in_alignment": false,
          "alpha": 255,
          "icon_alpha": 255
        },
        "Text_circle": {
          "position": 2,
          "visible": false,
          "show_level": "",
          "circle_center_X": 0,
          "circle_center_Y": 0,
          "radius": 100,
          "angle": 0,
          "char_space_angle": 0,
          "zero": false,
          "vertical_alignment": "BOTTOM",
          "horizontal_alignment": "LEFT",
          "reverse_direction": false,
          "unit_in_alignment": true
        }
      },
      {
        "elementName": "ElementStatuses",
        "visible": true,
        "Alarm": {
          "position": 4,
          "visible": true,
          "show_level": "",
          "x": 0,
          "y": 0,
          "alpha": 255
        },
        "Bluetooth": {
          "position": 3,
          "visible": true,
          "show_level": "",
          "x": 0,
          "y": 0,
          "alpha": 255
        },
        "DND": {
          "position": 2,
          "visible": true,
          "show_level": "",
          "x": 0,
          "y": 0,
          "alpha": 255
        },
        "Lock": {
          "position": 1,
          "visible": true,
          "show_level": "",
          "x": 0,
          "y": 0,
          "alpha": 255
        }
      },
      {
        "elementName": "DigitalTime_v2",
        "visible": true,
        "Group_Second": {
          "position": 6,
          "Number": {
            "position": -1,
            "visible": false,
            "align": "LEFT",
            "show_level": "",
            "imageX": 0,
            "imageY": 0,
            "space": 0,
            "zero": false,
            "iconPosX": 0,
            "iconPosY": 0,
            "angle": 0,
            "follow": false,
            "unit_in_alignment": false,
            "alpha": 255,
            "icon_alpha": 255
          },
          "Number_Font": {
            "position": -1,
            "visible": true,
            "show_level": "",
            "x": 311,
            "y": 106,
            "w": 150,
            "h": 150,
            "color": "0xFFFFFFFF",
            "color_2": "0xFFFF0000",
            "use_color_2": false,
            "align_h": "LEFT",
            "align_v": "TOP",
            "text_size": 60,
            "alpha": 255,
            "text_style": "ELLIPSIS",
            "line_space": 0,
            "char_space": 0,
            "font": "",
            "padding": true,
            "unit_type": 0,
            "unit_string": "",
            "unit_end": false,
            "centreHorizontally": false,
            "centreVertically": false
          },
          "Text_rotation": {
            "position": -1,
            "visible": false,
            "align": "LEFT",
            "show_level": "",
            "imageX": 0,
            "imageY": 0,
            "space": 0,
            "zero": false,
            "iconPosX": 0,
            "iconPosY": 0,
            "angle": 0,
            "follow": false,
            "unit_in_alignment": false,
            "alpha": 255,
            "icon_alpha": 255
          },
          "Text_circle": {
            "position": -1,
            "visible": false,
            "show_level": "",
            "circle_center_X": 0,
            "circle_center_Y": 0,
            "radius": 100,
            "angle": 0,
            "char_space_angle": 0,
            "zero": false,
            "vertical_alignment": "BOTTOM",
            "horizontal_alignment": "LEFT",
            "reverse_direction": false,
            "unit_in_alignment": true
          }
        },
        "Group_Minute": {
          "position": 5,
          "Number": {
            "position": -1,
            "visible": false,
            "align": "LEFT",
            "show_level": "",
            "imageX": 0,
            "imageY": 0,
            "space": 0,
            "zero": false,
            "iconPosX": 0,
            "iconPosY": 0,
            "angle": 0,
            "follow": false,
            "unit_in_alignment": false,
            "alpha": 255,
            "icon_alpha": 255
          },
          "Number_Font": {
            "position": -1,
            "visible": true,
            "show_level": "",
            "x": 164,
            "y": 35,
            "w": 150,
            "h": 150,
            "color": "0xFFFFFFFF",
            "color_2": "0xFFFF0000",
            "use_color_2": false,
            "align_h": "LEFT",
            "align_v": "TOP",
            "text_size": 120,
            "alpha": 255,
            "text_style": "ELLIPSIS",
            "line_space": 0,
            "char_space": 0,
            "font": "",
            "padding": true,
            "unit_type": 0,
            "unit_string": "",
            "unit_end": false,
            "centreHorizontally": false,
            "centreVertically": false
          },
          "Text_rotation": {
            "position": -1,
            "visible": false,
            "align": "LEFT",
            "show_level": "",
            "imageX": 0,
            "imageY": 0,
            "space": 0,
            "zero": false,
            "iconPosX": 0,
            "iconPosY": 0,
            "angle": 0,
            "follow": false,
            "unit_in_alignment": false,
            "alpha": 255,
            "icon_alpha": 255
          },
          "Text_circle": {
            "position": -1,
            "visible": false,
            "show_level": "",
            "circle_center_X": 0,
            "circle_center_Y": 0,
            "radius": 100,
            "angle": 0,
            "char_space_angle": 0,
            "zero": false,
            "vertical_alignment": "BOTTOM",
            "horizontal_alignment": "LEFT",
            "reverse_direction": false,
            "unit_in_alignment": true
          }
        },
        "Group_Hour": {
          "position": 4,
          "Number": {
            "position": -1,
            "visible": false,
            "align": "LEFT",
            "show_level": "",
            "imageX": 0,
            "imageY": 0,
            "space": 0,
            "zero": false,
            "iconPosX": 0,
            "iconPosY": 0,
            "angle": 0,
            "follow": false,
            "unit_in_alignment": false,
            "alpha": 255,
            "icon_alpha": 255
          },
          "Number_Font": {
            "position": -1,
            "visible": true,
            "show_level": "",
            "x": 19,
            "y": 35,
            "w": 150,
            "h": 150,
            "color": "0xFFFFFFFF",
            "color_2": "0xFFFF0000",
            "use_color_2": false,
            "align_h": "LEFT",
            "align_v": "TOP",
            "text_size": 120,
            "alpha": 255,
            "text_style": "ELLIPSIS",
            "line_space": 0,
            "char_space": 0,
            "font": "",
            "padding": true,
            "unit_type": 0,
            "unit_string": "",
            "unit_end": false,
            "centreHorizontally": false,
            "centreVertically": false
          },
          "Text_rotation": {
            "position": -1,
            "visible": false,
            "align": "LEFT",
            "show_level": "",
            "imageX": 0,
            "imageY": 0,
            "space": 0,
            "zero": false,
            "iconPosX": 0,
            "iconPosY": 0,
            "angle": 0,
            "follow": false,
            "unit_in_alignment": false,
            "alpha": 255,
            "icon_alpha": 255
          },
          "Text_circle": {
            "position": -1,
            "visible": false,
            "show_level": "",
            "circle_center_X": 0,
            "circle_center_Y": 0,
            "radius": 100,
            "angle": 0,
            "char_space_angle": 0,
            "zero": false,
            "vertical_alignment": "BOTTOM",
            "horizontal_alignment": "LEFT",
            "reverse_direction": false,
            "unit_in_alignment": true
          }
        },
        "AmPm": {
          "position": 3,
          "visible": false,
          "show_level": "",
          "am_x": 0,
          "am_y": 0,
          "pm_x": 0,
          "pm_y": 0
        },
        "Hour_Min_Font": {
          "position": 2,
          "visible": false,
          "show_level": "",
          "x": 0,
          "y": 0,
          "w": 150,
          "h": 30,
          "color": "0xFFFF8C00",
          "color_2": "0xFFFF0000",
          "use_color_2": false,
          "align_h": "LEFT",
          "align_v": "TOP",
          "text_size": 20,
          "alpha": 255,
          "text_style": "ELLIPSIS",
          "line_space": 0,
          "char_space": 0,
          "font": "",
          "padding": false,
          "unit_type": 0,
          "unit_string": "",
          "unit_end": false,
          "centreHorizontally": false,
          "centreVertically": false
        },
        "Hour_Min_Sec_Font": {
          "position": 1,
          "visible": false,
          "show_level": "",
          "x": 0,
          "y": 0,
          "w": 150,
          "h": 30,
          "color": "0xFFFF8C00",
          "color_2": "0xFFFF0000",
          "use_color_2": false,
          "align_h": "LEFT",
          "align_v": "TOP",
          "text_size": 20,
          "alpha": 255,
          "text_style": "ELLIPSIS",
          "line_space": 0,
          "char_space": 0,
          "font": "",
          "padding": false,
          "unit_type": 0,
          "unit_string": "",
          "unit_end": false,
          "centreHorizontally": false,
          "centreVertically": false
        }
      }
    ]
  },
  "DisconnectAlert": {
    "enable": true,
    "BluetoothOff": {
      "vibrate": true,
      "vibrateType": 9,
      "toastShow": false,
      "toastText": ""
    },
    "BluetoothOn": {
      "vibrate": false,
      "vibrateType": 9,
      "toastShow": false,
      "toastText": ""
    }
  }
}